{
  "state": "EXECUTED",
  "backend": "vllm",
  "model": "/home/alpha/Playstoria/models/embed/Nemotron-3-Embed-1B-NVFP4",
  "import_seconds": 7.973537307996594,
  "load_seconds": 18.71894367299683,
  "embedding_seconds": 0.09371774500323227,
  "embeddings_per_second": 32.0110134947926,
  "prompt_tokens": 38,
  "tokens_per_second": 405.47283760070627,
  "embedding_count": 3,
  "embedding_dimensions": [
    2048,
    2048,
    2048
  ],
  "embedding_prefixes": [
    [
      0.08665219694375992,
      -0.032473549246788025,
      -0.0367538221180439,
      -0.024588216096162796,
      0.02958342805504799,
      -0.000269269454292953,
      0.03974207118153572,
      -0.013009045273065567
    ],
    [
      0.14860953390598297,
      0.11991721391677856,
      -0.023776382207870483,
      -0.027771243825554848,
      0.00753108412027359,
      0.031363584101200104,
      0.039466653019189835,
      0.007856291718780994
    ],
    [
      0.16289164125919342,
      0.1290210485458374,
      -0.027442658320069313,
      -0.02904174104332924,
      0.008754780516028404,
      -0.0008270810940302908,
      0.027564553543925285,
      -0.020441364496946335
    ]
  ],
  "vllm_version": "0.25.0"
}
